time_s,pos_x,pos_y,pos_z,vel_x,vel_y,vel_z
0,-4165355.542,-5103358.603,1412186.247,4093.643,-1684.703,5943.4
1,-4161259.338,-5105040.275,1418128.68,4098.808,-1678.667,5941.548
2,-4157157.97,-5106715.91,1424069.257,4103.97,-1672.629,5939.688
3,-4153051.443,-5108385.507,1430007.971,4109.126,-1666.59,5937.821
4,-4148939.597,-5110049.131,1435945.051,4114.279,-1660.549,5935.945
5,-4144822.765,-5111706.646,1441880.014,4119.427,-1654.507,5934.062
6,-4140700.788,-5113358.118,1447813.089,4124.57,-1648.463,5932.171
7,-4136573.67,-5115003.547,1453744.27,4129.709,-1642.418,5930.272
8,-4132441.415,-5116642.929,1459673.548,4134.844,-1636.372,5928.366
9,-4128304.027,-5118276.265,1465600.915,4139.974,-1630.324,5926.451
10,-4124161.513,-5119903.553,1471526.364,4145.099,-1624.275,5924.529
11,-4120013.874,-5121524.791,1477449.888,4150.22,-1618.225,5922.6
12,-4115860.951,-5123140.042,1483371.716,4155.337,-1612.173,5920.662
13,-4111703.079,-5124749.176,1489291.364,4160.449,-1606.12,5918.717
14,-4107540.098,-5126352.256,1495209.063,4165.556,-1600.065,5916.763
15,-4103372.012,-5127949.282,1501124.805,4170.659,-1594.009,5914.803
16,-4099198.826,-5129540.25,1507038.582,4175.758,-1587.952,5912.834
17,-4095020.543,-5131125.161,1512950.388,4180.851,-1581.894,5910.858
18,-4090837.169,-5132704.013,1518860.212,4185.941,-1575.834,5908.874
19,-4086648.539,-5134276.867,1524768.287,4191.026,-1569.773,5906.882
20,-4082454.995,-5135843.597,1530674.128,4196.106,-1563.71,5904.882
21,-4078256.373,-5137404.263,1536577.966,4201.182,-1557.646,5902.875
22,-4074052.677,-5138958.865,1542479.793,4206.253,-1551.581,5900.86
23,-4069843.913,-5140507.401,1548379.601,4211.319,-1545.515,5898.838
24,-4065630.085,-5142049.87,1554277.382,4216.381,-1539.447,5896.807
25,-4061411.197,-5143586.272,1560173.13,4221.438,-1533.378,5894.769
26,-4057187.084,-5145116.665,1566067.072,4226.491,-1527.308,5892.723
27,-4052958.091,-5146640.925,1571958.727,4231.539,-1521.237,5890.67
28,-4048724.052,-5148159.114,1577848.325,4236.583,-1515.164,5888.608
29,-4044484.971,-5149671.23,1583735.858,4241.622,-1509.09,5886.539
30,-4040240.854,-5151177.271,1589621.318,4246.656,-1503.015,5884.463
31,-4035991.705,-5152677.236,1595504.698,4251.686,-1496.939,5882.378
32,-4031737.529,-5154171.125,1601385.989,4256.711,-1490.861,5880.286
33,-4027478.33,-5155658.935,1607265.185,4261.731,-1484.782,5878.186
34,-4023213.941,-5157140.726,1613142.513,4266.747,-1478.702,5876.079
35,-4018944.711,-5158616.376,1619017.493,4271.758,-1472.621,5873.964
36,-4014670.472,-5160085.944,1624890.354,4276.765,-1466.539,5871.841
37,-4010391.228,-5161549.43,1630761.089,4281.766,-1460.455,5869.71
38,-4006106.986,-5163006.831,1636629.689,4286.763,-1454.37,5867.572
39,-4001817.748,-5164458.148,1642496.147,4291.756,-1448.285,5865.426
40,-3997523.521,-5165903.377,1648360.456,4296.744,-1442.197,5863.272
41,-3993224.135,-5167342.577,1654222.843,4301.727,-1436.109,5861.111
42,-3988919.941,-5168775.63,1660082.828,4306.705,-1430.02,5858.942
43,-3984610.771,-5170202.594,1665940.641,4311.679,-1423.929,5856.765
44,-3980296.631,-5171623.466,1671796.274,4316.648,-1417.838,5854.581
45,-3975977.523,-5173038.246,1677649.718,4321.612,-1411.745,5852.389
46,-3971653.454,-5174446.933,1683500.967,4326.571,-1405.651,5850.189
47,-3967324.428,-5175849.526,1689350.012,4331.526,-1399.556,5847.982
48,-3962990.449,-5177246.023,1695196.846,4336.476,-1393.46,5845.767
49,-3958651.348,-5178636.479,1701041.697,4341.421,-1387.362,5843.545
50,-3954307.479,-5180020.781,1706884.086,4346.362,-1381.264,5841.314
51,-3949958.671,-5181398.985,1712724.24,4351.298,-1375.165,5839.076
52,-3945604.93,-5182771.089,1718562.154,4356.229,-1369.064,5836.831
53,-3941246.261,-5184137.092,1724397.817,4361.155,-1362.963,5834.578
54,-3936882.668,-5185496.993,1730231.224,4366.076,-1356.86,5832.317
55,-3932514.156,-5186850.791,1736062.366,4370.993,-1350.757,5830.048
56,-3928140.553,-5188198.539,1741891.471,4375.905,-1344.652,5827.772
57,-3923762.217,-5189540.128,1747718.061,4380.812,-1338.546,5825.489
58,-3919378.976,-5190875.61,1753542.363,4385.715,-1332.44,5823.197
59,-3914990.835,-5192204.985,1759364.37,4390.612,-1326.332,5820.898
60,-3910597.8,-5193528.252,1765184.075,4395.505,-1320.223,5818.592
61,-3906199.874,-5194845.41,1771001.469,4400.393,-1314.113,5816.278
62,-3901797.062,-5196156.458,1776816.545,4405.276,-1308.003,5813.956
63,-3897389.37,-5197461.394,1782629.296,4410.154,-1301.891,5811.626
64,-3892976.625,-5198760.27,1788439.947,4415.027,-1295.778,5809.289
65,-3888559.186,-5200052.981,1794248.023,4419.896,-1289.664,5806.945
66,-3884136.881,-5201339.578,1800053.751,4424.76,-1283.549,5804.592
67,-3879709.714,-5202620.059,1805857.123,4429.618,-1277.434,5802.232
68,-3875277.692,-5203894.425,1811658.132,4434.472,-1271.317,5799.865
69,-3870840.818,-5205162.673,1817456.769,4439.321,-1265.2,5797.49
70,-3866399.097,-5206424.803,1823253.027,4444.166,-1259.081,5795.107
71,-3861952.356,-5207680.865,1829047.132,4449.005,-1252.961,5792.717
72,-3857500.956,-5208930.756,1834838.61,4453.84,-1246.841,5790.319
73,-3853044.725,-5210174.527,1840627.686,4458.669,-1240.72,5787.914
74,-3848583.666,-5211412.176,1846414.354,4463.494,-1234.598,5785.501
75,-3844117.785,-5212643.702,1852198.604,4468.314,-1228.475,5783.08
76,-3839647.087,-5213869.105,1857980.43,4473.128,-1222.351,5780.652
77,-3835171.577,-5215088.383,1863759.824,4477.938,-1216.226,5778.217
78,-3830691.079,-5216301.585,1869537.012,4482.744,-1210.1,5775.773
79,-3826205.958,-5217508.611,1875311.519,4487.544,-1203.973,5773.323
80,-3821716.04,-5218709.511,1881083.572,4492.339,-1197.845,5770.864
81,-3817221.329,-5219904.283,1886853.164,4497.129,-1191.717,5768.398
82,-3812721.831,-5221092.925,1892620.285,4501.914,-1185.588,5765.925
83,-3808217.55,-5222275.439,1898384.929,4506.694,-1179.458,5763.444
84,-3803708.491,-5223451.822,1904147.089,4511.47,-1173.327,5760.955
85,-3799194.659,-5224622.073,1909906.756,4516.24,-1167.195,5758.459
86,-3794675.877,-5225786.239,1915664.155,4521.006,-1161.062,5755.956
87,-3790152.515,-5226944.225,1921418.815,4525.766,-1154.929,5753.444
88,-3785624.394,-5228096.078,1927170.959,4530.522,-1148.795,5750.926
89,-3781091.52,-5229241.796,1932920.582,4535.272,-1142.66,5748.4
90,-3776553.899,-5230381.378,1938667.674,4540.017,-1136.524,5745.866
91,-3772011.535,-5231514.824,1944412.229,4544.758,-1130.387,5743.325
92,-3767464.432,-5232642.134,1950154.239,4549.493,-1124.25,5740.776
93,-3762912.414,-5233763.35,1955893.928,4554.224,-1118.111,5738.219
94,-3758355.851,-5234878.383,1961630.825,4558.949,-1111.973,5735.656
95,-3753794.565,-5235987.277,1967365.155,4563.67,-1105.833,5733.084
96,-3749228.561,-5237090.03,1973096.91,4568.385,-1099.692,5730.505
97,-3744657.844,-5238186.643,1978826.082,4573.095,-1093.551,5727.919
98,-3740082.42,-5239277.114,1984552.664,4577.8,-1087.409,5725.325
99,-3735502.293,-5240361.443,1990276.648,4582.501,-1081.267,5722.724
100,-3730917.468,-5241439.629,1995998.028,4587.196,-1075.123,5720.115
101,-3726327.766,-5242511.715,2001717.025,4591.886,-1068.979,5717.499
102,-3721733.562,-5243577.613,2007433.172,4596.571,-1062.834,5714.875
103,-3717134.674,-5244637.365,2013146.691,4601.251,-1056.689,5712.244
104,-3712531.109,-5245690.972,2018857.575,4605.926,-1050.542,5709.605
105,-3707922.873,-5246738.432,2024565.817,4610.595,-1044.396,5706.959
106,-3703309.968,-5247779.746,2030271.409,4615.26,-1038.248,5704.305
107,-3698692.402,-5248814.911,2035974.343,4619.92,-1032.1,5701.644
108,-3694069.993,-5249843.969,2041674.842,4624.574,-1025.951,5698.975
109,-3689443.118,-5250866.836,2047372.439,4629.224,-1019.801,5696.299
110,-3684811.596,-5251883.554,2053067.357,4633.868,-1013.651,5693.615
111,-3680175.432,-5252894.121,2058759.587,4638.507,-1007.5,5690.924
112,-3675534.632,-5253898.536,2064449.122,4643.141,-1001.349,5688.226
113,-3670889.2,-5254896.801,2070135.955,4647.77,-995.196,5685.52
114,-3666239.143,-5255888.912,2075820.079,4652.393,-989.044,5682.807
115,-3661584.277,-5256874.911,2081501.714,4657.012,-982.89,5680.086
116,-3656924.982,-5257854.715,2087180.396,4661.625,-976.736,5677.358
117,-3652261.076,-5258828.366,2092856.346,4666.234,-970.582,5674.622
118,-3647592.565,-5259795.862,2098529.557,4670.837,-964.427,5671.879
119,-3642919.453,-5260757.202,2104200.021,4675.435,-958.271,5669.129
120,-3638241.746,-5261712.387,2109867.731,4680.027,-952.114,5666.371
121,-3633559.449,-5262661.415,2115532.679,4684.615,-945.958,5663.605
122,-3628872.567,-5263604.285,2121194.858,4689.197,-939.8,5660.833
123,-3624180.917,-5264541.036,2126854.488,4693.774,-933.642,5658.052
124,-3619484.88,-5265471.591,2132511.107,4698.346,-927.483,5655.265
125,-3614784.275,-5266395.987,2138164.935,4702.913,-921.324,5652.47
126,-3610079.105,-5267314.223,2143815.963,4707.475,-915.165,5649.667
127,-3605369.376,-5268226.3,2149464.186,4712.031,-909.005,5646.858
128,-3600655.094,-5269132.216,2155109.596,4716.582,-902.844,5644.04
129,-3595936.263,-5270031.972,2160752.184,4721.128,-896.683,5641.216
130,-3591212.699,-5270925.602,2166392.171,4725.668,-890.521,5638.384
131,-3586484.787,-5271813.034,2172029.096,4730.204,-884.359,5635.545
132,-3581752.342,-5272694.303,2177663.178,4734.734,-878.196,5632.698
133,-3577015.37,-5273569.41,2183294.409,4739.259,-872.033,5629.844
134,-3572273.876,-5274438.353,2188922.782,4743.778,-865.869,5626.982
135,-3567527.865,-5275301.133,2194548.291,4748.293,-859.705,5624.114
136,-3562777.342,-5276157.748,2200170.927,4752.802,-853.541,5621.237
137,-3558022.312,-5277008.198,2205790.683,4757.305,-847.376,5618.354
138,-3553262.59,-5277852.518,2211407.778,4761.804,-841.21,5615.463
139,-3548498.564,-5278690.637,2217021.752,4766.297,-835.044,5612.565
140,-3543730.047,-5279522.59,2222632.825,4770.785,-828.878,5609.659
141,-3538957.045,-5280348.377,2228240.988,4775.268,-822.711,5606.746
142,-3534179.562,-5281167.997,2233846.235,4779.745,-816.544,5603.826
143,-3529397.606,-5281981.45,2239448.558,4784.217,-810.376,5600.899
144,-3524611.18,-5282788.735,2245047.949,4788.684,-804.208,5597.964
145,-3519820.097,-5283589.884,2250644.628,4793.145,-798.04,5595.021
146,-3515024.748,-5284384.832,2256238.135,4797.601,-791.871,5592.072
147,-3510224.946,-5285173.611,2261828.688,4802.052,-785.702,5589.115
148,-3505420.696,-5285956.221,2267416.282,4806.497,-779.532,5586.151
149,-3500612.003,-5286732.661,2273000.907,4810.937,-773.362,5583.179
150,-3495798.873,-5287502.931,2278582.558,4815.372,-767.192,5580.2
151,-3490981.311,-5288267.031,2284161.225,4819.801,-761.022,5577.214
152,-3486159.322,-5289024.96,2289736.904,4824.225,-754.851,5574.221
153,-3481332.718,-5289776.748,2295309.809,4828.644,-748.679,5571.22
154,-3476501.892,-5290522.335,2300879.485,4833.057,-742.508,5568.212
155,-3471666.656,-5291261.749,2306446.15,4837.465,-736.336,5565.197
156,-3466827.015,-5291994.992,2312009.796,4841.867,-730.163,5562.174
157,-3461982.974,-5292722.062,2317570.416,4846.264,-723.991,5559.144
158,-3457134.539,-5293442.96,2323128.003,4850.656,-717.818,5556.107
159,-3452281.715,-5294157.685,2328682.548,4855.042,-711.645,5553.063
160,-3447424.312,-5294866.265,2334234.269,4859.423,-705.471,5550.011
161,-3442562.726,-5295568.642,2339782.711,4863.798,-699.298,5546.952
162,-3437696.767,-5296264.846,2345328.091,4868.168,-693.124,5543.886
163,-3432826.442,-5296954.876,2350870.4,4872.533,-686.949,5540.812
164,-3427951.754,-5297638.732,2356409.633,4876.892,-680.775,5537.732
165,-3423072.711,-5298316.413,2361945.781,4881.245,-674.6,5534.644
166,-3418189.316,-5298987.919,2367478.838,4885.594,-668.425,5531.548
167,-3413301.379,-5299653.277,2373009.019,4889.937,-662.25,5528.446
168,-3408409.299,-5300312.433,2378535.87,4894.274,-656.074,5525.336
169,-3403512.884,-5300965.413,2384059.609,4898.606,-649.899,5522.219
170,-3398612.14,-5301612.217,2389580.227,4902.932,-643.723,5519.095
171,-3393707.073,-5302252.846,2395097.717,4907.253,-637.547,5515.964
172,-3388797.687,-5302887.298,2400612.073,4911.568,-631.371,5512.825
173,-3383883.989,-5303515.574,2406123.286,4915.878,-625.194,5509.679
174,-3378965.983,-5304137.673,2411631.349,4920.183,-619.017,5506.526
175,-3374043.478,-5304753.621,2417136.478,4924.482,-612.84,5503.366
176,-3369116.875,-5305363.367,2422638.221,4928.775,-606.663,5500.199
177,-3364185.981,-5305966.935,2428136.793,4933.063,-600.486,5497.024
178,-3359250.801,-5306564.327,2433632.187,4937.346,-594.309,5493.842
179,-3354311.342,-5307155.541,2439124.396,4941.623,-588.131,5490.653
180,-3349367.609,-5307740.578,2444613.412,4945.894,-581.954,5487.457
181,-3344419.608,-5308319.437,2450099.228,4950.16,-575.776,5484.254
182,-3339467.144,-5308892.141,2455582.058,4954.42,-569.598,5481.043
183,-3334510.621,-5309458.644,2461061.453,4958.675,-563.42,5477.825
184,-3329549.847,-5310018.969,2466537.627,4962.924,-557.242,5474.6
185,-3324584.826,-5310573.116,2472010.572,4967.168,-551.064,5471.368
186,-3319615.564,-5311121.085,2477480.282,4971.406,-544.886,5468.129
187,-3314642.067,-5311662.876,2482946.749,4975.639,-538.707,5464.883
188,-3309664.34,-5312198.488,2488409.966,4979.866,-532.529,5461.629
189,-3304682.389,-5312727.922,2493869.926,4984.087,-526.35,5458.368
190,-3299696.019,-5313251.198,2499326.841,4988.303,-520.171,5455.1
191,-3294705.636,-5313768.274,2504780.265,4992.513,-513.993,5451.825
192,-3289711.046,-5314279.172,2510230.411,4996.718,-507.814,5448.543
193,-3284712.254,-5314783.891,2515677.271,5000.917,-501.635,5445.254
194,-3279709.265,-5315282.432,2521120.838,5005.111,-495.457,5441.958
195,-3274702.086,-5315774.794,2526561.105,5009.299,-489.278,5438.654
196,-3269690.722,-5316260.976,2531998.066,5013.481,-483.099,5435.344
197,-3264674.977,-5316741.0,2537431.93,5017.658,-476.92,5432.026
198,-3259655.259,-5317214.825,2542862.255,5021.829,-470.741,5428.701
199,-3254631.373,-5317682.471,2548289.252,5025.994,-464.562,5425.369
200,-3249603.325,-5318143.938,2553712.913,5030.154,-458.383,5422.03
201,-3244571.12,-5318599.227,2559133.231,5034.308,-452.204,5418.684
202,-3239534.763,-5319048.336,2564550.2,5038.456,-446.026,5415.331
203,-3234494.261,-5319491.267,2569963.812,5042.599,-439.847,5411.971
204,-3229449.416,-5319928.037,2575374.278,5046.737,-433.668,5408.603
205,-3224400.639,-5320358.61,2580781.155,5050.868,-427.489,5405.229
206,-3219347.734,-5320783.005,2586184.654,5054.994,-421.31,5401.847
207,-3214290.706,-5321201.221,2591584.769,5059.114,-415.132,5398.459
208,-3209229.56,-5321613.258,2596981.491,5063.229,-408.953,5395.063
209,-3204164.303,-5322019.117,2602374.814,5067.337,-402.775,5391.66
210,-3199094.939,-5322418.798,2607764.73,5071.441,-396.596,5388.25
211,-3194021.476,-5322812.3,2613151.234,5075.538,-390.418,5384.834
212,-3188943.714,-5323199.639,2618534.533,5079.63,-384.24,5381.41
213,-3183862.066,-5323580.785,2623914.189,5083.716,-378.061,5377.979
214,-3178776.336,-5323955.753,2629290.41,5087.796,-371.883,5374.541
215,-3173686.528,-5324324.542,2634663.19,5091.871,-365.705,5371.096
216,-3168592.649,-5324687.154,2640032.521,5095.94,-359.528,5367.644
217,-3163494.703,-5325043.588,2645398.397,5100.003,-353.35,5364.185
218,-3158392.698,-5325393.845,2650760.81,5104.061,-347.173,5360.719
219,-3153286.432,-5325737.938,2656119.969,5108.112,-340.995,5357.245
220,-3148176.323,-5326075.84,2661475.436,5112.158,-334.818,5353.765
221,-3143062.17,-5326407.564,2666827.419,5116.199,-328.641,5350.278
222,-3137943.98,-5326733.112,2672175.912,5120.233,-322.464,5346.784
223,-3132821.759,-5327052.483,2677520.907,5124.262,-316.287,5343.283
224,-3127695.512,-5327365.677,2682862.398,5128.285,-310.11,5339.775
225,-3122565.245,-5327672.695,2688200.377,5132.302,-303.934,5336.26
226,-3117430.963,-5327973.536,2693534.837,5136.313,-297.758,5332.738
227,-3112292.466,-5328268.214,2698865.987,5140.319,-291.582,5329.209
228,-3107150.174,-5328556.703,2704193.389,5144.319,-285.406,5325.673
229,-3102003.884,-5328839.017,2709517.252,5148.313,-279.23,5322.13
230,-3096853.603,-5329115.156,2714837.568,5152.301,-273.055,5318.58
231,-3091699.337,-5329385.119,2720154.331,5156.284,-266.88,5315.023
232,-3086541.091,-5329648.907,2725467.534,5160.261,-260.705,5311.459
233,-3081378.871,-5329906.521,2730777.169,5164.231,-254.531,5307.888
234,-3076212.476,-5330157.97,2736083.444,5168.197,-248.356,5304.31
235,-3071042.326,-5330403.235,2741385.924,5172.156,-242.182,5300.726
236,-3065868.22,-5330642.326,2746684.815,5176.109,-236.008,5297.134
237,-3060690.163,-5330875.243,2751980.112,5180.057,-229.834,5293.535
238,-3055508.162,-5331101.987,2757271.806,5183.999,-223.661,5289.93
239,-3050322.222,-5331322.558,2762559.892,5187.934,-217.488,5286.318
240,-3045132.349,-5331536.956,2767844.362,5191.865,-211.316,5282.698
241,-3039938.549,-5331745.182,2773125.209,5195.789,-205.143,5279.072
242,-3034740.618,-5331947.243,2778402.638,5199.707,-198.971,5275.439
243,-3029538.981,-5332143.124,2783676.219,5203.62,-192.799,5271.799
244,-3024333.435,-5332332.834,2788946.156,5207.526,-186.628,5268.152
245,-3019123.984,-5332516.372,2794212.443,5211.427,-180.457,5264.498
246,-3013910.636,-5332693.739,2799475.072,5215.322,-174.286,5260.837
247,-3008693.397,-5332864.936,2804734.038,5219.211,-168.115,5257.17
248,-3003472.271,-5333029.963,2809989.332,5223.094,-161.945,5253.495
249,-2998247.054,-5333188.826,2815241.16,5226.972,-155.775,5249.814
250,-2993018.174,-5333341.513,2820489.092,5230.843,-149.606,5246.125
251,-2987785.425,-5333488.031,2825733.331,5234.708,-143.437,5242.43
252,-2982548.814,-5333628.38,2830973.873,5238.568,-137.268,5238.728
253,-2977308.346,-5333762.561,2836210.709,5242.421,-131.1,5235.02
254,-2972064.028,-5333890.574,2841443.833,5246.269,-124.932,5231.304
255,-2966815.865,-5334012.419,2846673.238,5250.111,-118.765,5227.581
256,-2961563.651,-5334128.102,2851899.127,5253.947,-112.598,5223.852
257,-2956307.817,-5334237.613,2857121.073,5257.777,-106.431,5220.116
258,-2951048.155,-5334340.958,2862339.279,5261.601,-100.265,5216.373
259,-2945784.672,-5334438.137,2867553.739,5265.419,-94.099,5212.623
260,-2940517.374,-5334529.151,2872764.446,5269.231,-87.934,5208.866
261,-2935246.267,-5334613.999,2877971.393,5273.037,-81.769,5205.103
262,-2929971.357,-5334692.683,2883174.573,5276.837,-75.605,5201.333
263,-2924692.65,-5334765.203,2888373.979,5280.631,-69.441,5197.556
264,-2919409.939,-5334831.562,2893569.814,5284.42,-63.277,5193.771
265,-2914123.656,-5334891.754,2898761.652,5288.202,-57.114,5189.981
266,-2908833.593,-5334945.784,2903949.696,5291.978,-50.952,5186.183
267,-2903539.756,-5334993.652,2909133.94,5295.749,-44.79,5182.379
268,-2898242.153,-5335035.358,2914314.376,5299.513,-38.628,5178.568
269,-2892940.788,-5335070.903,2919490.997,5303.271,-32.467,5174.75
270,-2887635.668,-5335100.287,2924663.798,5307.023,-26.307,5170.926
271,-2882326.585,-5335123.512,2929832.978,5310.77,-20.147,5167.094
272,-2877013.972,-5335140.576,2934998.116,5314.51,-13.987,5163.256
273,-2871697.622,-5335151.481,2940159.412,5318.245,-7.828,5159.411
274,-2866377.54,-5335156.228,2945316.86,5321.973,-1.67,5155.56
275,-2861053.734,-5335154.816,2950470.453,5325.695,4.488,5151.701
276,-2855726.208,-5335147.247,2955620.184,5329.411,10.645,5147.836
277,-2850394.968,-5335133.521,2960766.047,5333.122,16.802,5143.964
278,-2845060.022,-5335113.638,2965908.034,5336.826,22.958,5140.086
279,-2839721.16,-5335087.599,2971046.347,5340.524,29.114,5136.201
280,-2834378.817,-5335055.405,2976180.564,5344.216,35.269,5132.309
281,-2829032.786,-5335017.056,2981310.886,5347.902,41.423,5128.41
282,-2823683.071,-5334972.554,2986437.305,5351.582,47.577,5124.504
283,-2818329.679,-5334921.898,2991559.816,5355.256,53.73,5120.592
284,-2812972.617,-5334865.089,2996678.412,5358.924,59.883,5116.673
285,-2807611.89,-5334802.128,3001793.085,5362.586,66.035,5112.748
286,-2802247.288,-5334733.012,3006904.035,5366.242,72.186,5108.816
287,-2796879.249,-5334657.748,3012010.844,5369.891,78.337,5104.877
288,-2791507.564,-5334576.334,3017113.71,5373.535,84.487,5100.931
289,-2786132.238,-5334488.77,3022212.628,5377.172,90.637,5096.979
290,-2780753.278,-5334395.057,3027307.59,5380.803,96.785,5093.02
291,-2775370.689,-5334295.196,3032398.59,5384.429,102.933,5089.055
292,-2769984.479,-5334189.186,3037485.621,5388.048,109.081,5085.082
293,-2764594.435,-5334077.026,3042568.881,5391.661,115.228,5081.103
294,-2759200.999,-5333958.723,3047647.954,5395.268,121.374,5077.118
295,-2753803.958,-5333834.274,3052723.039,5398.869,127.519,5073.126
296,-2748403.32,-5333703.681,3057794.128,5402.463,133.664,5069.127
297,-2742999.09,-5333566.943,3062861.214,5406.052,139.808,5065.121
298,-2737591.275,-5333424.062,3067924.293,5409.634,145.951,5061.109
299,-2732179.88,-5333275.037,3072983.355,5413.211,152.094,5057.091
300,-2726764.912,-5333119.871,3078038.396,5416.781,158.236,5053.065
